Regiao,Genero,Tratamento,Outcome,N,ACME_treated,ACME_treated_ci_lo,ACME_treated_ci_hi,ACME_control,ACME_control_ci_lo,ACME_control_ci_hi,ACME_avg,ACME_avg_ci_lo,ACME_avg_ci_hi,ADE_treated,ADE_treated_ci_lo,ADE_treated_ci_hi,ADE_control,ADE_control_ci_lo,ADE_control_ci_hi,ADE_avg,ADE_avg_ci_lo,ADE_avg_ci_hi,Total_effect,Total_effect_ci_lo,Total_effect_ci_hi,Prop_mediated,Prop_mediated_ci_lo,Prop_mediated_ci_hi
Norte,Filhos,PAI_FUNDAMENTAL,LP,19276,0.3640910972427054,0.25303809708653113,0.4655374095273253,0.36409109724270544,0.2530380970865312,0.46553740952732536,0.3640910972427054,0.2530380970865312,0.46553740952732536,3.1658934159371896,2.3153696073552865,4.396411572355032,3.1658934159371896,2.3153696073552865,4.396411572355032,3.1658934159371896,2.3153696073552865,4.396411572355032,3.529984513179895,2.6623237970662292,4.802582183093888,0.10314240639960298,0.07118948440047068,0.14124259298353228
Norte,Filhas,PAI_FUNDAMENTAL,LP,16650,0.2849655294486153,0.18466817584428388,0.3728189370739518,0.2849655294486153,0.18466817584428386,0.37281893707395175,0.2849655294486153,0.18466817584428386,0.3728189370739518,3.620761601181704,2.329690632235221,5.063202745123473,3.620761601181704,2.329690632235221,5.063202745123474,3.620761601181704,2.329690632235221,5.063202745123474,3.905727130630319,2.688006447851467,5.335289796445348,0.07296094169349374,0.041756558820299265,0.1336513763968997
Nordeste,Filhos,PAI_FUNDAMENTAL,LP,48738,0.1686597709589953,0.09522317463794636,0.2130381805222043,0.16865977095899526,0.09522317463794638,0.2130381805222043,0.16865977095899526,0.09522317463794637,0.2130381805222043,3.173404341635846,1.5630245045485496,4.787107643841356,3.173404341635846,1.5630245045485496,4.787107643841356,3.173404341635846,1.5630245045485496,4.787107643841356,3.342064112594841,1.7168503520809337,4.951618996506669,0.0504657496914518,0.026637662941982665,0.09665713723525887
Nordeste,Filhas,PAI_FUNDAMENTAL,LP,41979,0.3392127778838723,0.24690175103346815,0.5421362620484644,0.33921277788387233,0.24690175103346826,0.5421362620484644,0.3392127778838723,0.24690175103346823,0.5421362620484644,3.6404905643640366,2.9021458700941154,5.541438211553261,3.6404905643640366,2.9021458700941154,5.541438211553262,3.6404905643640366,2.9021458700941154,5.541438211553262,3.979703342247909,3.26823267254406,5.873480336709943,0.08523569440034447,0.04976220528935798,0.12363435666758908
Sudeste,Filhos,PAI_FUNDAMENTAL,LP,67179,0.14298698049670633,0.055414895556910586,0.2360500788407592,0.1429869804967063,0.05541489555691021,0.23605007884075913,0.14298698049670633,0.0554148955569104,0.23605007884075915,1.9710489819135995,0.18096945226866173,3.106474636109468,1.9710489819135995,0.18096945226866162,3.106474636109468,1.9710489819135995,0.18096945226866168,3.106474636109468,2.1140359624103056,0.30186585176381187,3.2973547321958687,0.06763696693867051,0.021412350323000595,0.6354380941354474
Sudeste,Filhas,PAI_FUNDAMENTAL,LP,60740,0.048956922496759106,-0.04211961983612682,0.20378454268832644,0.04895692249675916,-0.042119619836126686,0.20378454268832638,0.048956922496759134,-0.04211961983612675,0.2037845426883264,4.400512323080797,2.0547689931838953,5.666735452900974,4.400512323080797,2.0547689931838953,5.666735452900974,4.400512323080797,2.0547689931838953,5.666735452900974,4.449469245577556,2.1611999115956193,5.663591162401867,0.011002867936533935,-0.010147456332446805,0.06008597915031493
Sul,Filhos,PAI_FUNDAMENTAL,LP,31051,0.07508345287982367,-0.07388239001488295,0.2072997695214563,0.07508345287982371,-0.07388239001488289,0.2072997695214564,0.07508345287982368,-0.07388239001488293,0.20729976952145635,2.336632548254883,0.5760922473697757,4.828096137811835,2.336632548254883,0.5760922473697756,4.828096137811835,2.336632548254883,0.5760922473697756,4.828096137811835,2.4117160011347067,0.6402717911250906,4.990455654944339,0.03113279210508082,-0.03923386021640534,0.1385246847885107
Sul,Filhas,PAI_FUNDAMENTAL,LP,27479,0.12712843604759547,0.03960813533833413,0.28637348096312376,0.12712843604759558,0.039608135338334266,0.28637348096312365,0.12712843604759552,0.0396081353383342,0.2863734809631237,2.35100845334772,-0.21006533305144298,5.627834104283771,2.35100845334772,-0.21006533305144293,5.62783410428377,2.35100845334772,-0.21006533305144295,5.627834104283771,2.4781368893953157,-0.0945753691871326,5.761487469054578,0.051300005496716455,-0.14159832705785969,10.5039363887363
Centro-Oeste,Filhos,PAI_FUNDAMENTAL,LP,15924,0.4351651628782531,0.23006852305484463,0.655519105210159,0.4351651628782531,0.23006852305484454,0.655519105210159,0.4351651628782531,0.2300685230548446,0.655519105210159,1.2303798609198062,-0.819054027902052,2.4462778911080836,1.2303798609198064,-0.8190540279020517,2.4462778911080836,1.2303798609198062,-0.8190540279020518,2.4462778911080836,1.6655450237980594,-0.3632394621096191,2.802027261560673,0.2612749320255032,-4.745053148604533,1.2454749562351122
Centro-Oeste,Filhas,PAI_FUNDAMENTAL,LP,14006,0.18007906654849934,0.04233866288270556,0.3085736870257234,0.1800790665484991,0.04233866288270567,0.30857368702572335,0.1800790665484992,0.042338662882705616,0.30857368702572335,4.224273315255725,1.9826174850172777,6.439338056338432,4.224273315255724,1.9826174850172782,6.439338056338432,4.224273315255724,1.9826174850172777,6.439338056338432,4.404352381804223,2.1076419219056017,6.711871067803314,0.040886616450687044,0.01135760485195162,0.09689967397399038
Norte,Filhos,PAI_FUNDAMENTAL,MT,19276,0.48329393315864666,0.3598223989579804,0.6050051203923964,0.4832939331586472,0.35982239895798035,0.6050051203923965,0.48329393315864694,0.3598223989579804,0.6050051203923964,2.4736336597749577,1.4640124407110275,3.869236850591574,2.473633659774959,1.4640124407110278,3.869236850591574,2.4736336597749586,1.4640124407110278,3.869236850591574,2.9569275929336056,1.9838210332644504,4.311071966682381,0.16344462891604486,0.10291399443181189,0.2629774513866993
Norte,Filhas,PAI_FUNDAMENTAL,MT,16650,0.32073014483543927,0.21742621128646433,0.4601380865973162,0.3207301448354388,0.21742621128646433,0.4601380865973165,0.32073014483543905,0.21742621128646433,0.4601380865973163,3.3712201641783106,1.9982924095770895,4.708792914068746,3.3712201641783106,1.9982924095770895,4.708792914068746,3.3712201641783106,1.9982924095770895,4.708792914068746,3.6919503090137495,2.306586798256367,5.0630216390934475,0.08687282276047681,0.0542558028234123,0.15775785071116266
Nordeste,Filhos,PAI_FUNDAMENTAL,MT,48738,0.2648163742771824,0.17624922883908903,0.3264026200828652,0.2648163742771823,0.17624922883908917,0.3264026200828653,0.26481637427718235,0.17624922883908908,0.32640262008286525,3.121376598304687,1.64635350988956,4.748919086564643,3.121376598304687,1.64635350988956,4.748919086564643,3.121376598304687,1.64635350988956,4.748919086564643,3.386192972581869,1.8934756027310011,4.999806461410101,0.07820474982418617,0.043604372395038365,0.14082352535438453
Nordeste,Filhas,PAI_FUNDAMENTAL,MT,41979,0.36390514860878725,0.26911737842594463,0.5029228620406357,0.36390514860878725,0.2691173784259446,0.5029228620406357,0.36390514860878725,0.2691173784259446,0.5029228620406357,3.1833698993179977,1.9272390778670234,4.806554581924994,3.1833698993179977,1.9272390778670234,4.806554581924995,3.1833698993179977,1.9272390778670234,4.806554581924995,3.547275047926785,2.429908649484396,5.266331426375502,0.10258723772250833,0.06061986020996078,0.20696068468886192
Sudeste,Filhos,PAI_FUNDAMENTAL,MT,67179,0.19498220730382507,0.07283448545564189,0.3618279482292899,0.19498220730382507,0.07283448545564189,0.3618279482292899,0.19498220730382507,0.07283448545564189,0.3618279482292899,1.1355045065817622,-0.6485347051640835,3.352443742126225,1.1355045065817622,-0.6485347051640834,3.352443742126225,1.1355045065817622,-0.6485347051640834,3.352443742126225,1.3304867138855871,-0.3500034168500519,3.6495057995309104,0.146549533542048,-1.257136295210685,0.4083666132846124
Sudeste,Filhas,PAI_FUNDAMENTAL,MT,60740,0.14114330573326744,0.029120869669938532,0.43929748142198904,0.1411433057332675,0.029120869669938317,0.4392974814219891,0.14114330573326747,0.029120869669938425,0.43929748142198904,4.56512215216292,2.1941930225834425,5.332034800724073,4.56512215216292,2.1941930225834425,5.332034800724073,4.56512215216292,2.1941930225834425,5.332034800724073,4.706265457896188,2.517933665830595,5.400807732885742,0.029990510946733096,0.0059497351484382776,0.1344322483514496
Sul,Filhos,PAI_FUNDAMENTAL,MT,31051,0.29303652258693363,0.0964158579063634,0.4435399415580552,0.2930365225869335,0.09641585790636319,0.44353994155805515,0.2930365225869336,0.09641585790636328,0.4435399415580552,1.8272068684324514,0.6984868532868422,3.8060571746569325,1.8272068684324514,0.6984868532868423,3.8060571746569325,1.8272068684324514,0.6984868532868423,3.8060571746569325,2.120243391019385,0.9273215460226852,4.045325456487946,0.13820890744342584,0.03322990593357103,0.265696030472125
Sul,Filhas,PAI_FUNDAMENTAL,MT,27479,0.2549647796602555,0.07275546641451489,0.37837141959283743,0.2549647796602554,0.07275546641451487,0.3783714195928376,0.25496477966025544,0.07275546641451489,0.37837141959283754,2.3763692489217685,0.13676053204701788,4.889828866823504,2.3763692489217685,0.13676053204701788,4.889828866823504,2.3763692489217685,0.13676053204701788,4.889828866823504,2.6313340285820237,0.3070156289546842,5.1619309639278175,0.09689563426413451,-0.22832038188075277,0.29309922956259243
Centro-Oeste,Filhos,PAI_FUNDAMENTAL,MT,15924,0.6010644220610981,0.31914462552949585,0.856143834735372,0.601064422061098,0.31914462552949596,0.8561438347353721,0.6010644220610981,0.3191446255294959,0.856143834735372,2.6609836466925554,0.45373077010066676,4.186228322534859,2.6609836466925554,0.45373077010066676,4.186228322534859,2.6609836466925554,0.45373077010066676,4.186228322534859,3.2620480687536535,1.0735083533994527,4.627046443968176,0.18425982983468103,0.08579828803965987,0.5752897112702271
Centro-Oeste,Filhas,PAI_FUNDAMENTAL,MT,14006,0.3036183154568346,0.07748506652910665,0.5175651309904493,0.3036183154568346,0.07748506652910653,0.5175651309904491,0.3036183154568346,0.0774850665291066,0.5175651309904492,2.866433142219934,1.794631285438501,5.204890590318954,2.866433142219934,1.7946312854385007,5.204890590318954,2.866433142219934,1.7946312854385007,5.204890590318954,3.1700514576767684,2.1227468756777346,5.591957571125085,0.09577709368773053,0.027965764907184006,0.17868277086725792
Norte,Filhos,PAI_MEDIO,LP,26022,0.4933148781948027,0.37146529943077056,0.6056873413018672,0.4933148781948024,0.37146529943077067,0.6056873413018672,0.4933148781948026,0.3714652994307706,0.6056873413018672,13.495283723940286,12.354685153377268,14.638689783670108,13.495283723940286,12.354685153377268,14.638689783670106,13.495283723940286,12.354685153377268,14.638689783670108,13.988598602135088,12.786613202737547,15.152564636666638,0.03526549672527651,0.026491680822049026,0.042531669069195234
Norte,Filhas,PAI_MEDIO,LP,24267,0.3741896683158379,0.22916447146597305,0.4874172384211791,0.37418966831583744,0.22916447146597288,0.4874172384211792,0.37418966831583766,0.22916447146597296,0.4874172384211792,13.861290258309543,12.770485135051143,14.462605193893639,13.861290258309543,12.770485135051143,14.462605193893639,13.861290258309543,12.770485135051143,14.462605193893639,14.23547992662538,13.126909162682848,14.867622071120689,0.0262857079806611,0.016492258465007438,0.03291007026282313
Nordeste,Filhos,PAI_MEDIO,LP,59722,0.3952099841076369,0.2711386985316956,0.5207563245666785,0.395209984107637,0.27113869853169553,0.5207563245666784,0.39520998410763697,0.2711386985316956,0.5207563245666785,15.016230171741011,13.745812007924746,16.813681264486174,15.016230171741011,13.745812007924746,16.813681264486174,15.016230171741011,13.745812007924746,16.813681264486174,15.411440155848648,14.083721996483776,17.16064315363939,0.025643935940513295,0.0171016790313223,0.03514450240968599
Nordeste,Filhas,PAI_MEDIO,LP,53688,0.7410142872026634,0.5113010457430935,0.966065848637307,0.7410142872026634,0.5113010457430935,0.966065848637307,0.7410142872026634,0.5113010457430935,0.966065848637307,14.21990213769589,12.104573054755058,16.049121972639988,14.21990213769589,12.104573054755058,16.049121972639984,14.21990213769589,12.104573054755058,16.049121972639988,14.960916424898553,12.69028544533663,16.724813400457506,0.04953000646199974,0.03521603667611554,0.06380444006658874
Sudeste,Filhos,PAI_MEDIO,LP,99386,0.2667040100837871,0.12224667312132637,0.38175901821127206,0.2667040100837871,0.12224667312132637,0.38175901821127195,0.2667040100837871,0.12224667312132637,0.381759018211272,14.112887650144131,12.445308688817597,16.181458337984903,14.112887650144131,12.445308688817597,16.181458337984903,14.112887650144131,12.445308688817597,16.181458337984903,14.379591660227918,12.757048298503216,16.36765846927946,0.018547398033662926,0.007486401029731218,0.028038008190644562
Sudeste,Filhas,PAI_MEDIO,LP,96362,0.061703639091331565,-0.06064780005162873,0.2148411497774514,0.06170363909133153,-0.06064780005162868,0.21484114977745145,0.061703639091331544,-0.06064780005162871,0.21484114977745142,12.556842158199528,11.206547976122222,13.163253439715998,12.55684215819953,11.206547976122222,13.163253439715998,12.55684215819953,11.206547976122222,13.163253439715998,12.618545797290862,11.328479504573984,13.282015245164272,0.004889916800442964,-0.004866223988277942,0.017081877824111094
Sul,Filhos,PAI_MEDIO,LP,43599,0.06966913256878321,-0.12992064658720803,0.1352326140237822,0.06966913256878318,-0.12992064658720787,0.13523261402378214,0.0696691325687832,-0.12992064658720798,0.13523261402378217,11.466960112889298,10.534121229970426,13.373442056374858,11.466960112889298,10.534121229970426,13.373442056374858,11.466960112889298,10.534121229970426,13.373442056374858,11.536629245458082,10.653955014417535,13.462866918159769,0.006038950466940906,-0.011513582230719164,0.012233972899745807
Sul,Filhas,PAI_MEDIO,LP,40507,0.17190946517028505,0.09793585077777331,0.29453520419019,0.17190946517028508,0.09793585077777332,0.29453520419018997,0.17190946517028505,0.09793585077777331,0.29453520419018997,14.146171574113167,12.338940184727214,16.093496238461015,14.146171574113167,12.338940184727214,16.093496238461015,14.146171574113167,12.338940184727214,16.093496238461015,14.318081039283452,12.561010867498608,16.25227496962932,0.012006459853008923,0.006957820154579578,0.021987701785113865
Centro-Oeste,Filhos,PAI_MEDIO,LP,22282,0.551385926661563,0.3424674065891784,0.7604835769615182,0.5513859266615633,0.3424674065891784,0.7604835769615181,0.5513859266615632,0.3424674065891784,0.7604835769615181,11.921440448140093,10.95284216832544,13.384678178898136,11.921440448140093,10.952842168325441,13.384678178898136,11.921440448140093,10.952842168325441,13.384678178898136,12.472826374801656,11.562558001525813,13.902220763095263,0.044206975235020166,0.028749697181908996,0.0607299314654578
Centro-Oeste,Filhas,PAI_MEDIO,LP,20908,0.38675003912638445,0.1792181439577864,0.5008563812013767,0.3867500391263848,0.17921814395778668,0.5008563812013767,0.3867500391263846,0.17921814395778654,0.5008563812013767,11.74462316113776,10.538077592184102,13.432507261904567,11.74462316113776,10.538077592184102,13.432507261904567,11.74462316113776,10.538077592184102,13.432507261904567,12.131373200264145,10.895338622236991,13.791537831074494,0.03188015344528051,0.014872070358906413,0.041128230314267156
Norte,Filhos,PAI_MEDIO,MT,26022,0.6686599389864082,0.5134247431625047,0.7839653934308313,0.6686599389864085,0.5134247431625047,0.7839653934308312,0.6686599389864083,0.5134247431625047,0.7839653934308313,12.209532478563817,10.196320591009702,13.232893181066215,12.209532478563817,10.196320591009702,13.232893181066215,12.209532478563817,10.196320591009702,13.232893181066215,12.878192417550226,10.8376739082623,13.895821827248662,0.05192187826570813,0.040116606878269116,0.0642176090132889
Norte,Filhas,PAI_MEDIO,MT,24267,0.4456636735393125,0.28068321810307206,0.5350374274212764,0.4456636735393125,0.280683218103072,0.5350374274212762,0.4456636735393125,0.28068321810307206,0.5350374274212762,10.740412517528483,9.943151137353883,12.193488136537757,10.740412517528483,9.943151137353883,12.193488136537757,10.740412517528483,9.943151137353883,12.193488136537757,11.186076191067796,10.38134281748909,12.60853774848141,0.03984092955626208,0.02653441309785222,0.046758075626217144
Nordeste,Filhos,PAI_MEDIO,MT,59722,0.6592974527765182,0.4177796143371691,0.7866680248855442,0.6592974527765182,0.417779614337169,0.7866680248855441,0.6592974527765182,0.41777961433716904,0.7866680248855442,12.960268496923902,10.813756871676722,15.351521215972118,12.960268496923902,10.813756871676722,15.351521215972118,12.960268496923902,10.813756871676722,15.351521215972118,13.619565949700421,11.421749378901346,15.89986986069567,0.04840811045017336,0.03130390930279924,0.06500608935477473
Nordeste,Filhas,PAI_MEDIO,MT,53688,0.7782278023604876,0.5470541362756851,0.970158980880021,0.7782278023604876,0.5470541362756851,0.9701589808800207,0.7782278023604876,0.5470541362756851,0.9701589808800208,10.747708532753224,9.31965049193531,12.318554698463995,10.747708532753224,9.31965049193531,12.318554698463997,10.747708532753224,9.31965049193531,12.318554698463995,11.525936335113713,9.949208461125345,13.047588825421006,0.06751970336584458,0.04629249643469787,0.08862185470768642
Sudeste,Filhos,PAI_MEDIO,MT,99386,0.47852477601906035,0.3110051538411381,0.633877562848538,0.4785247760190604,0.311005153841138,0.6338775628485381,0.4785247760190604,0.311005153841138,0.633877562848538,12.779961330432583,10.864335993923593,14.743152355255553,12.779961330432583,10.864335993923593,14.743152355255553,12.779961330432583,10.864335993923593,14.743152355255553,13.258486106451643,11.352110842143194,15.216594625314132,0.036091961946259306,0.023765979375149585,0.049959169231696285
Sudeste,Filhas,PAI_MEDIO,MT,96362,0.2205790660596817,0.04639691901558987,0.31064603556274056,0.22057906605968144,0.04639691901558987,0.31064603556274034,0.22057906605968158,0.04639691901558987,0.31064603556274045,10.86871155175616,9.655727005017798,12.821565913413052,10.86871155175616,9.655727005017798,12.821565913413052,10.86871155175616,9.655727005017798,12.821565913413052,11.089290617815841,9.960154604499351,13.060650556873743,0.01989117912603927,0.004120701554219602,0.030638380634005136
Sul,Filhos,PAI_MEDIO,MT,43599,0.3293286270152285,0.20216334595549243,0.4349933014559581,0.3293286270152286,0.20216334595549268,0.43499330145595816,0.3293286270152286,0.20216334595549254,0.43499330145595816,9.871202570494862,8.570727424004408,11.458514258100726,9.871202570494862,8.570727424004406,11.458514258100726,9.871202570494862,8.570727424004406,11.458514258100726,10.200531197510092,8.904835961567922,11.744645118319111,0.03228543892847623,0.018452801008218108,0.04392955607023464
Sul,Filhas,PAI_MEDIO,MT,40507,0.3479467515767295,0.22572317424891394,0.49730233783806893,0.3479467515767295,0.22572317424891394,0.49730233783806904,0.3479467515767295,0.22572317424891394,0.497302337838069,11.287431653323083,9.29954148509597,12.757854048212325,11.287431653323083,9.29954148509597,12.757854048212325,11.287431653323083,9.29954148509597,12.757854048212325,11.635378404899813,9.58229089783477,13.164127092751292,0.02990420590276673,0.01852031520364134,0.03964251563696573
Centro-Oeste,Filhos,PAI_MEDIO,MT,22282,0.7866992291076363,0.5701810235641245,1.0585589822029233,0.786699229107636,0.5701810235641245,1.0585589822029235,0.7866992291076362,0.5701810235641245,1.0585589822029233,10.514893151028076,8.938114568961069,12.707621763198487,10.514893151028074,8.938114568961069,12.707621763198487,10.514893151028076,8.938114568961069,12.707621763198487,11.301592380135713,9.865024914804188,13.439942148401641,0.06960959152007475,0.045542746196755204,0.10320507127083721
Centro-Oeste,Filhas,PAI_MEDIO,MT,20908,0.5323406042759748,0.3663597992763494,0.6701524728611802,0.5323406042759747,0.36635979927634943,0.6701524728611803,0.5323406042759748,0.36635979927634943,0.6701524728611803,9.558651273939102,8.369253566483616,10.394181645989592,9.558651273939102,8.369253566483616,10.394181645989592,9.558651273939102,8.369253566483616,10.394181645989592,10.090991878215076,8.896016722859152,11.018238485006867,0.05275404149568464,0.03582230712322971,0.06671830272750581
Norte,Filhos,PAI_SUPERIOR,LP,34792,1.170752120056792,1.033095071401318,1.4628696863168396,1.170752120056792,1.0330950714013178,1.4628696863168396,1.170752120056792,1.033095071401318,1.4628696863168396,5.01863385187562,4.1517698875241456,6.519809432246578,5.01863385187562,4.151769887524145,6.5198094322465785,5.01863385187562,4.151769887524145,6.5198094322465785,6.1893859719324125,5.423221355858744,7.554248110254057,0.18915480879135851,0.13684683947306175,0.2550696442863185
Norte,Filhas,PAI_SUPERIOR,LP,32339,1.073472214107821,0.9088331786071634,1.2203482576912863,1.0734722141078208,0.9088331786071634,1.2203482576912863,1.073472214107821,0.9088331786071634,1.2203482576912863,2.936298717573677,1.5810643466529906,4.259542762215233,2.936298717573677,1.5810643466529906,4.259542762215232,2.936298717573677,1.5810643466529906,4.259542762215233,4.009770931681498,2.5953265192529247,5.348440145585511,0.2677140994829,0.19187454468706336,0.40903985232498846
Nordeste,Filhos,PAI_SUPERIOR,LP,72757,1.1149857415514934,0.9707384015425868,1.6343403768505178,1.1149857415514934,0.9707384015425867,1.6343403768505178,1.1149857415514934,0.9707384015425867,1.6343403768505178,7.31147643112088,5.525760856478393,9.081869228278734,7.31147643112088,5.525760856478393,9.081869228278734,7.31147643112088,5.525760856478393,9.081869228278734,8.426462172672373,6.577179068739389,10.174239676403403,0.13231955697463083,0.10659820677605295,0.18764812516771867
Nordeste,Filhas,PAI_SUPERIOR,LP,64778,2.355827657971558,1.984662803035333,2.925170925726018,2.355827657971558,1.984662803035333,2.925170925726018,2.355827657971558,1.984662803035333,2.925170925726018,2.828432551096739,1.27798704592505,4.282483949418573,2.828432551096739,1.2779870459250502,4.282483949418573,2.828432551096739,1.2779870459250502,4.282483949418573,5.184260209068297,3.4881433221222884,6.631459661703856,0.45441925423626484,0.33667650050301917,0.646056591572711
Sudeste,Filhos,PAI_SUPERIOR,LP,135721,0.9558639802259243,0.533645143057665,1.3776085498226296,0.9558639802259246,0.5336451430576649,1.3776085498226296,0.9558639802259244,0.5336451430576649,1.3776085498226296,2.197411704939392,0.7743640484969762,3.9208492400186983,2.197411704939392,0.7743640484969759,3.9208492400186987,2.197411704939392,0.774364048496976,3.9208492400186987,3.1532756851653163,1.32741732953759,4.557096806698826,0.303133653908796,0.13964306342392718,0.4712476747303303
Sudeste,Filhas,PAI_SUPERIOR,LP,127442,0.6089935088606956,0.142977879470646,1.106902922427284,0.6089935088606956,0.142977879470646,1.1069029224272837,0.6089935088606956,0.142977879470646,1.106902922427284,3.388238487379755,1.9571470471533594,4.815758519414844,3.388238487379755,1.9571470471533594,4.815758519414845,3.388238487379755,1.9571470471533594,4.815758519414844,3.997231996240451,2.564189204690299,5.558195060168684,0.15235380619225433,0.036817801292447806,0.3105173018540059
Sul,Filhos,PAI_SUPERIOR,LP,56031,0.677837145261583,0.42720145405711846,0.9336309117295505,0.677837145261583,0.4272014540571184,0.9336309117295505,0.677837145261583,0.42720145405711846,0.9336309117295505,7.437674120628053,6.60734541017532,8.894368375085387,7.437674120628052,6.60734541017532,8.894368375085387,7.437674120628053,6.60734541017532,8.894368375085387,8.115511265889635,7.143726063500534,9.668190011986418,0.0835236527993751,0.05292409474714363,0.1172212003646816
Sul,Filhas,PAI_SUPERIOR,LP,50893,0.889252003288809,0.5497551385258529,1.1659010180820513,0.8892520032888088,0.5497551385258528,1.1659010180820513,0.8892520032888089,0.5497551385258528,1.1659010180820513,8.91180119406353,7.161504118198714,10.608131129672547,8.91180119406353,7.161504118198713,10.608131129672547,8.91180119406353,7.161504118198713,10.608131129672547,9.801053197352338,7.864154207659061,11.516517155093183,0.09073024963572608,0.05636830614134551,0.12667386703919725
Centro-Oeste,Filhos,PAI_SUPERIOR,LP,29632,1.4934454119316962,1.1198613645597553,2.0468026603018252,1.4934454119316962,1.1198613645597548,2.0468026603018252,1.4934454119316962,1.119861364559755,2.0468026603018252,4.044393088304212,1.7602710911146473,5.17510599106672,4.044393088304212,1.7602710911146473,5.17510599106672,4.044393088304212,1.7602710911146473,5.17510599106672,5.5378385002359085,3.2276351573363202,6.8717246044778735,0.2696802031818148,0.20606339354743036,0.4685507803934319
Centro-Oeste,Filhas,PAI_SUPERIOR,LP,27294,1.6435000268605147,1.011435009179733,2.0551581489042623,1.6435000268605147,1.0114350091797333,2.0551581489042623,1.6435000268605147,1.0114350091797333,2.0551581489042623,5.003755006403196,4.236735708937052,7.604742181164701,5.003755006403196,4.2367357089370525,7.604742181164702,5.003755006403196,4.236735708937052,7.604742181164701,6.647255033263711,5.689452425619312,9.042453162572027,0.24724491818596264,0.13560602398348395,0.29001822290981105
Norte,Filhos,PAI_SUPERIOR,MT,34792,1.6202273830284017,1.3667886262697488,1.9147975594260678,1.6202273830284015,1.3667886262697484,1.9147975594260676,1.6202273830284017,1.3667886262697486,1.9147975594260678,3.203527991800738,2.2091893222406727,4.535782939296391,3.203527991800738,2.2091893222406727,4.535782939296391,3.203527991800738,2.2091893222406727,4.535782939296391,4.82375537482914,3.836678641233026,6.2928385478056645,0.33588506404842117,0.27489377614982874,0.43016807750410446
Norte,Filhas,PAI_SUPERIOR,MT,32339,1.1412659874382705,0.9661876077430358,1.370894166640241,1.14126598743827,0.9661876077430358,1.370894166640241,1.1412659874382702,0.9661876077430358,1.370894166640241,1.712694686320475,0.6467470747365847,2.5997997654712726,1.712694686320475,0.6467470747365847,2.599799765471273,1.712694686320475,0.6467470747365847,2.599799765471273,2.8539606737587455,1.8368194210163067,3.670049792856945,0.3998884770669216,0.2841648915901022,0.6702670373205952
Nordeste,Filhos,PAI_SUPERIOR,MT,72757,1.698318787055377,1.4467828374228673,2.2307281023133934,1.698318787055377,1.446782837422867,2.2307281023133934,1.698318787055377,1.446782837422867,2.2307281023133934,6.648486106141063,5.544771502912921,9.070137987365419,6.648486106141062,5.544771502912921,9.070137987365417,6.648486106141062,5.544771502912921,9.070137987365419,8.34680489319644,7.110416535442918,11.080038632180596,0.20346932853788074,0.16706806991569928,0.25279367635397704
Nordeste,Filhas,PAI_SUPERIOR,MT,64778,2.6349548869039827,2.159363949336498,3.363840591233792,2.6349548869039823,2.159363949336498,3.363840591233792,2.6349548869039827,2.159363949336498,3.363840591233792,2.581131237902025,1.0842447305646152,4.203231367810356,2.581131237902025,1.0842447305646152,4.203231367810357,2.581131237902025,1.0842447305646152,4.203231367810357,5.216086124806008,3.5443386454521044,7.294631239484547,0.5051593903660822,0.39400448633112983,0.7287146292985855
Sudeste,Filhos,PAI_SUPERIOR,MT,135721,1.4790621574443858,0.9143674423535327,2.0334610444911196,1.4790621574443858,0.9143674423535326,2.03346104449112,1.4790621574443858,0.9143674423535327,2.03346104449112,2.8762614036265175,1.5597333644499185,4.937321722934586,2.8762614036265175,1.5597333644499185,4.937321722934586,2.8762614036265175,1.5597333644499185,4.937321722934586,4.355323561070904,2.898989890306031,6.499645403332339,0.3395986857703652,0.186903197258755,0.4620362676908928
Sudeste,Filhas,PAI_SUPERIOR,MT,127442,1.1488807962416099,0.6672107059370447,1.8368981826087918,1.1488807962416099,0.6672107059370448,1.8368981826087918,1.1488807962416099,0.6672107059370447,1.8368981826087918,3.853014547746672,2.2800427686660356,5.742585697341014,3.853014547746672,2.2800427686660356,5.742585697341014,3.853014547746672,2.280042768666035,5.742585697341014,5.001895343988282,3.7051726197416808,6.80421179587897,0.22968909128065546,0.11708394518234787,0.43226806163392545
Sul,Filhos,PAI_SUPERIOR,MT,56031,1.423513736944394,1.1487826142465751,1.8182294066877671,1.4235137369443944,1.1487826142465751,1.8182294066877671,1.4235137369443942,1.1487826142465751,1.8182294066877671,7.566919670465787,6.207387005677325,8.550025554257662,7.566919670465788,6.207387005677325,8.550025554257662,7.566919670465788,6.207387005677325,8.550025554257662,8.990433407410183,7.54154925539762,10.250301239205033,0.15833649752314408,0.12141737862449016,0.1892519602522382
Sul,Filhas,PAI_SUPERIOR,MT,50893,1.5763886711365172,1.2419354435218142,1.7226116948909147,1.5763886711365172,1.241935443521814,1.7226116948909147,1.5763886711365172,1.241935443521814,1.722611694890915,8.106730968670103,6.612571787523574,9.887525273814417,8.106730968670105,6.612571787523574,9.887525273814415,8.106730968670103,6.612571787523574,9.887525273814415,9.68311963980662,7.992885947037364,11.51153570669908,0.1627976034351672,0.13949169067722408,0.19062278427736068
Centro-Oeste,Filhos,PAI_SUPERIOR,MT,29632,1.982403338216918,1.5223495695741955,2.504539965417396,1.9824033382169182,1.5223495695741962,2.504539965417396,1.9824033382169182,1.522349569574196,2.504539965417396,3.4248601202840865,1.1701903872374257,5.550663111054571,3.4248601202840865,1.1701903872374257,5.550663111054571,3.4248601202840865,1.1701903872374257,5.550663111054571,5.407263458501005,2.9970248006854443,7.073012680628768,0.36661859615889286,0.21681825133559313,0.6095867531952719
Centro-Oeste,Filhas,PAI_SUPERIOR,MT,27294,1.8996580338600744,1.411323012866407,2.2223501694373513,1.8996580338600744,1.411323012866407,2.2223501694373518,1.8996580338600744,1.411323012866407,2.2223501694373513,4.6432288037920495,4.083138866669454,6.8500479956310665,4.6432288037920495,4.083138866669454,6.8500479956310665,4.6432288037920495,4.083138866669454,6.8500479956310665,6.542886837652124,6.218683857411622,8.643239533969885,0.2903394298260178,0.19286768790959424,0.343607712889686
Norte,Filhos,MAE_FUNDAMENTAL,LP,20715,0.21890997208315757,0.15451922279001853,0.2871329591136627,0.21890997208315735,0.15451922279001856,0.2871329591136626,0.21890997208315746,0.15451922279001853,0.2871329591136626,6.606345987118715,5.3799466141706915,7.781715114549729,6.606345987118715,5.379946614170691,7.781715114549729,6.606345987118715,5.379946614170691,7.781715114549729,6.825255959201872,5.596921185352426,8.009676460398483,0.032073518325422073,0.0218578374550205,0.04232454985527174
Norte,Filhas,MAE_FUNDAMENTAL,LP,19733,0.22916556620274336,0.15080221823278916,0.30551226251578334,0.22916556620274336,0.15080221823278916,0.3055122625157834,0.22916556620274336,0.15080221823278916,0.3055122625157834,7.08543330690909,5.920875550729887,8.207468911071608,7.08543330690909,5.920875550729887,8.207468911071608,7.08543330690909,5.920875550729887,8.207468911071608,7.314598873111834,6.10619086303533,8.454112637813934,0.03132988837503402,0.01981407250352879,0.04378806112163521
Nordeste,Filhos,MAE_FUNDAMENTAL,LP,54917,0.07293566947620793,-0.0037998870327915525,0.15631258152049327,0.07293566947620798,-0.0037998870327916358,0.15631258152049315,0.07293566947620796,-0.0037998870327915907,0.1563125815204932,5.653349451276356,4.305686868746745,7.101500029673567,5.653349451276356,4.3056868687467444,7.101500029673566,5.653349451276356,4.305686868746745,7.101500029673566,5.726285120752564,4.438775241743559,7.191184024558669,0.012736995790147199,-0.000725557731120775,0.030931943558793033
Nordeste,Filhas,MAE_FUNDAMENTAL,LP,53338,0.38840367014952054,0.2890678527533837,0.46255815213227625,0.3884036701495205,0.2890678527533837,0.46255815213227625,0.3884036701495205,0.2890678527533837,0.46255815213227625,6.054780469787055,4.90246339309459,7.100624301371423,6.054780469787055,4.90246339309459,7.100624301371423,6.054780469787055,4.90246339309459,7.100624301371423,6.443184139936575,5.306930281585806,7.461156689518702,0.06028132390972515,0.0431857647041066,0.08007134059947202
Sudeste,Filhos,MAE_FUNDAMENTAL,LP,73863,0.10772122907159307,0.05212207758120692,0.21172816641903872,0.1077212290715933,0.05212207758120693,0.21172816641903872,0.10772122907159318,0.05212207758120693,0.2117281664190387,6.7984501654491725,5.156675367309941,8.522738355642002,6.7984501654491725,5.156675367309941,8.522738355642003,6.7984501654491725,5.156675367309941,8.522738355642003,6.906171394520766,5.26008315695509,8.617010725418032,0.015597821559577466,0.006456643104987624,0.031570894517236055
Sudeste,Filhas,MAE_FUNDAMENTAL,LP,76142,0.072314824895846,0.010061861218126194,0.13288176511336988,0.07231482489584612,0.010061861218126276,0.13288176511336994,0.07231482489584606,0.010061861218126236,0.1328817651133699,6.667841072564869,5.297178978881737,7.419520558963641,6.667841072564869,5.297178978881737,7.419520558963641,6.667841072564869,5.297178978881737,7.419520558963641,6.740155897460715,5.397725572562588,7.508745762056769,0.01072895434408126,0.0015843634958000422,0.022798341023560233
Sul,Filhos,MAE_FUNDAMENTAL,LP,33379,0.05877351067387497,0.02311749532540816,0.11348221760753092,0.05877351067387504,0.023117495325408015,0.11348221760753094,0.058773510673875005,0.023117495325408088,0.11348221760753092,4.044278053654765,3.4224961705288313,5.570490475993521,4.044278053654765,3.422496170528831,5.570490475993521,4.044278053654765,3.4224961705288313,5.570490475993521,4.1030515643286405,3.4900020034999573,5.638651306981971,0.014324341225648669,0.00506367637811962,0.024150822076739964
Sul,Filhas,MAE_FUNDAMENTAL,LP,32983,0.05073332399972865,-0.0016831864033920452,0.1255291323801362,0.05073332399972855,-0.0016831864033920452,0.12552913238013608,0.0507333239997286,-0.0016831864033920452,0.12552913238013613,6.193650604756923,3.7321174187079817,7.143291283727282,6.193650604756923,3.7321174187079817,7.143291283727282,6.193650604756923,3.7321174187079817,7.143291283727282,6.244383928756651,3.77707109741524,7.21166528781076,0.008124632402260114,-4.728795660233014e-05,0.0221352790507332
Centro-Oeste,Filhos,MAE_FUNDAMENTAL,LP,16714,0.24228280826109702,0.1441167924994873,0.4083809855980284,0.24228280826109697,0.14411679249948733,0.40838098559802877,0.242282808261097,0.1441167924994873,0.4083809855980286,5.178121264064532,3.6841361495755676,7.036857004424387,5.178121264064532,3.6841361495755676,7.036857004424386,5.178121264064532,3.6841361495755676,7.0368570044243866,5.420404072325629,3.8764730818459476,7.42449803518733,0.04469829278929483,0.026324828298971373,0.06670628419686908
Centro-Oeste,Filhas,MAE_FUNDAMENTAL,LP,16543,0.24796499895368918,0.10004124809468967,0.38066732694615396,0.24796499895368962,0.10004124809468981,0.3806673269461539,0.2479649989536894,0.10004124809468974,0.3806673269461539,6.152382841855314,4.362773337375327,7.8880016333158505,6.152382841855314,4.362773337375327,7.8880016333158505,6.152382841855314,4.362773337375327,7.8880016333158505,6.400347840809003,4.578589640251772,8.156364045438588,0.0387424254307945,0.018110243781398073,0.06272626557060683
Norte,Filhos,MAE_FUNDAMENTAL,MT,20715,0.30979547400658913,0.2027406461830727,0.3573532035225906,0.309795474006589,0.20274064618307278,0.35735320352259087,0.3097954740065891,0.20274064618307272,0.35735320352259076,4.88408483732851,3.725748674144923,5.69092459039734,4.88408483732851,3.725748674144923,5.69092459039734,4.88408483732851,3.725748674144923,5.69092459039734,5.193880311335099,3.9478833085986316,6.013131104907747,0.05964624816834784,0.04112262652652361,0.07808916851705655
Norte,Filhas,MAE_FUNDAMENTAL,MT,19733,0.2009674261414464,0.14345738941835137,0.25778423448044824,0.2009674261414464,0.14345738941835137,0.2577842344804482,0.2009674261414464,0.14345738941835137,0.2577842344804482,6.200704850108821,4.99090877426449,7.214251304431549,6.200704850108821,4.99090877426449,7.214251304431549,6.200704850108821,4.99090877426449,7.214251304431549,6.401672276250267,5.225644914012194,7.429942895259176,0.031392957569387106,0.02048678577679914,0.04499553340584016
Nordeste,Filhos,MAE_FUNDAMENTAL,MT,54917,0.18424596190844222,0.10347680179773025,0.2625868402805393,0.1842459619084422,0.10347680179773025,0.2625868402805393,0.18424596190844222,0.10347680179773025,0.2625868402805393,6.4284081630030725,5.144648866062235,8.054803442826326,6.4284081630030725,5.144648866062235,8.054803442826326,6.4284081630030725,5.144648866062235,8.054803442826326,6.612654124911515,5.298661437704084,8.259390476550724,0.027862634038931782,0.01570952284711731,0.03986211654707308
Nordeste,Filhas,MAE_FUNDAMENTAL,MT,53338,0.3848588922969043,0.27090206499615066,0.4861873515957089,0.3848588922969043,0.27090206499615077,0.4861873515957091,0.3848588922969043,0.2709020649961507,0.486187351595709,4.027863108449055,2.976358310075157,5.078504811697991,4.027863108449055,2.976358310075157,5.078504811697991,4.027863108449055,2.976358310075157,5.078504811697991,4.412722000745959,3.3353065297017546,5.532698229675823,0.08721575758269949,0.0594066354478083,0.11299489345539096
Sudeste,Filhos,MAE_FUNDAMENTAL,MT,73863,0.2471615913279416,0.1603560195291926,0.37460523089995734,0.24716159132794155,0.1603560195291925,0.37460523089995734,0.24716159132794158,0.16035601952919257,0.37460523089995734,6.700706105747908,4.750154845536932,8.600420532584522,6.700706105747908,4.750154845536932,8.600420532584522,6.700706105747908,4.750154845536932,8.600420532584522,6.947867697075849,5.03743186692549,8.86332322816604,0.03557373313714142,0.025799449473482144,0.06591571241531544
Sudeste,Filhas,MAE_FUNDAMENTAL,MT,76142,0.16084297264719874,0.10301497511633485,0.26306202771311477,0.16084297264719913,0.10301497511633496,0.26306202771311477,0.16084297264719893,0.10301497511633491,0.26306202771311477,6.6378879963932835,5.282423389070698,7.557226771369096,6.6378879963932835,5.282423389070698,7.557226771369095,6.6378879963932835,5.282423389070698,7.557226771369095,6.7987309690404825,5.43136189150322,7.6883806987787,0.02365779339992019,0.014169676480072509,0.03764490518323916
Sul,Filhos,MAE_FUNDAMENTAL,MT,33379,0.13346936516081334,0.038333781776860705,0.21964871952007828,0.1334693651608134,0.03833378177686058,0.2196487195200782,0.13346936516081337,0.03833378177686064,0.21964871952007822,4.29203873813726,3.8212311082112844,6.145961200767456,4.29203873813726,3.8212311082112844,6.145961200767456,4.29203873813726,3.8212311082112844,6.145961200767456,4.425508103298073,3.969683936278328,6.273839945120458,0.030159105360432273,0.007486284881981822,0.05230822524403642
Sul,Filhas,MAE_FUNDAMENTAL,MT,32983,0.13071856709101837,0.06589592487192632,0.23861247230545857,0.1307185670910186,0.06589592487192622,0.2386124723054586,0.13071856709101848,0.06589592487192626,0.2386124723054586,6.076684561417011,4.406706007296117,7.030568898055357,6.076684561417011,4.406706007296117,7.030568898055358,6.076684561417011,4.406706007296117,7.030568898055357,6.207403128508029,4.518169038210692,7.172888932340418,0.02105849489469796,0.009843985687913785,0.039309324985092174
Centro-Oeste,Filhos,MAE_FUNDAMENTAL,MT,16714,0.32594383924011,0.2099292748124269,0.5209344597313328,0.32594383924011,0.20992927481242687,0.5209344597313328,0.32594383924011,0.2099292748124269,0.5209344597313328,5.162838648562399,3.9831134883230215,7.167066650541137,5.162838648562399,3.9831134883230215,7.167066650541137,5.162838648562399,3.9831134883230215,7.167066650541137,5.488782487802509,4.386537928472516,7.593924862351805,0.05938363197383779,0.03859500541315135,0.09252785670521078
Centro-Oeste,Filhas,MAE_FUNDAMENTAL,MT,16543,0.25371383583335133,0.10749206580315782,0.39620998406457303,0.25371383583335144,0.10749206580315791,0.396209984064573,0.2537138358333514,0.10749206580315787,0.39620998406457303,6.044247700830031,5.052791454709945,7.381321747993589,6.044247700830031,5.052791454709945,7.381321747993589,6.044247700830031,5.052791454709945,7.381321747993589,6.297961536663382,5.201698382985961,7.671029606815447,0.04028507229781643,0.018273462191936412,0.06167277205732398
Norte,Filhos,MAE_MEDIO,LP,30739,0.48427079410599344,0.36615392524250495,0.6296884440693447,0.48427079410599344,0.3661539252425046,0.6296884440693445,0.48427079410599344,0.3661539252425048,0.6296884440693447,15.270421526785531,13.990633946540655,16.31180407262282,15.270421526785531,13.990633946540653,16.31180407262282,15.270421526785531,13.990633946540655,16.31180407262282,15.754692320891525,14.476496229570628,16.784058269692693,0.030738194326005698,0.02316304505472867,0.040617598476707165
Norte,Filhas,MAE_MEDIO,LP,31719,0.3316608593171732,0.2081294405586718,0.4145665480454575,0.33166085931717326,0.20812944055867164,0.41456654804545756,0.33166085931717326,0.20812944055867172,0.41456654804545756,16.003577052402306,14.820871673249622,16.69821936704345,16.003577052402306,14.820871673249624,16.69821936704345,16.003577052402306,14.820871673249622,16.69821936704345,16.33523791171948,15.19120537840201,16.92810163522349,0.020303399381727275,0.012786698753278793,0.026759360002578975
Nordeste,Filhos,MAE_MEDIO,LP,71571,0.23317694199423128,0.1364589450421045,0.3489266339134842,0.23317694199423128,0.13645894504210462,0.3489266339134842,0.23317694199423128,0.13645894504210457,0.3489266339134843,17.54792792290231,16.103456410342197,18.945723386582756,17.54792792290231,16.103456410342197,18.945723386582756,17.54792792290231,16.103456410342197,18.945723386582756,17.78110486489654,16.34900661432855,19.195505018783244,0.01311374876679172,0.007848030109040624,0.019902493704138866
Nordeste,Filhas,MAE_MEDIO,LP,72555,0.6731573997247197,0.5078518271456104,0.8811808278576929,0.6731573997247197,0.5078518271456105,0.8811808278576928,0.6731573997247197,0.5078518271456104,0.8811808278576929,15.832105092746401,14.376206590392622,17.139604129454497,15.832105092746401,14.376206590392622,17.139604129454497,15.832105092746401,14.376206590392622,17.139604129454497,16.50526249247112,15.142193800608919,17.987750365178826,0.0407844104286,0.03185793732066315,0.05572154243560324
Sudeste,Filhos,MAE_MEDIO,LP,118355,0.11363245227748518,-0.07095644756262048,0.23189451498927718,0.11363245227748511,-0.07095644756262051,0.23189451498927738,0.11363245227748514,-0.0709564475626205,0.23189451498927727,15.724451829410187,14.717718663981614,17.15651815333736,15.724451829410187,14.717718663981616,17.15651815333736,15.724451829410187,14.717718663981614,17.15651815333736,15.838084281687673,14.781947616631102,17.190112252089342,0.007174633639806386,-0.004593280417211867,0.014307083239889122
Sudeste,Filhas,MAE_MEDIO,LP,128674,0.007926961840134267,-0.1544242193613754,0.14044634714228266,0.007926961840134144,-0.15442421936137538,0.14044634714228266,0.007926961840134205,-0.1544242193613754,0.14044634714228266,14.297936845647449,12.900862713589733,15.681250958542947,14.297936845647447,12.900862713589733,15.681250958542947,14.297936845647449,12.900862713589733,15.681250958542947,14.305863807487583,12.937233792937787,15.698032440976489,0.000554105781154249,-0.011057595880816534,0.010266455790976335
Sul,Filhos,MAE_MEDIO,LP,49561,0.1760669984587288,0.06937968659935755,0.289316019659371,0.17606699845872897,0.06937968659935759,0.2893160196593711,0.1760669984587289,0.06937968659935756,0.28931601965937104,12.499683307385894,10.958860910194568,13.715378737183652,12.499683307385894,10.958860910194568,13.715378737183652,12.499683307385894,10.958860910194568,13.715378737183652,12.675750305844623,11.166314899338648,13.854894937249242,0.013890065219851064,0.00568467218243795,0.02391878665551492
Sul,Filhas,MAE_MEDIO,LP,50887,0.19974665105695205,0.09179098302240857,0.34671188590376223,0.19974665105695197,0.09179098302240854,0.3467118859037624,0.199746651056952,0.09179098302240854,0.34671188590376234,15.426700015173374,14.017496083979335,16.383218803348004,15.426700015173374,14.017496083979335,16.383218803348004,15.426700015173374,14.017496083979335,16.383218803348004,15.626446666230326,14.243328986690095,16.563507708130963,0.012782602169475694,0.0055548975275017155,0.021892752016789842
Centro-Oeste,Filhos,MAE_MEDIO,LP,26199,0.4461073199681488,0.28572316186374563,0.5851364780574385,0.4461073199681486,0.2857231618637455,0.5851364780574388,0.4461073199681487,0.2857231618637455,0.5851364780574387,14.76124406827301,13.363076885643014,15.899740406805925,14.76124406827301,13.363076885643014,15.899740406805927,14.76124406827301,13.363076885643014,15.899740406805927,15.20735138824116,13.83365745932746,16.43797025302203,0.029334978102307414,0.01874710241469977,0.03602628672996756
Centro-Oeste,Filhas,MAE_MEDIO,LP,27515,0.5286406511931652,0.38526231962355517,0.7222046347341291,0.5286406511931651,0.38526231962355534,0.7222046347341291,0.5286406511931652,0.3852623196235553,0.7222046347341291,13.410964539897849,11.991938122696327,15.26038253148315,13.410964539897847,11.991938122696327,15.26038253148315,13.410964539897847,11.991938122696327,15.26038253148315,13.939605191091012,12.498778990962917,15.757367186161595,0.03792364589572641,0.026373505683514424,0.05301254191483993
Norte,Filhos,MAE_MEDIO,MT,30739,0.6411603584910269,0.5149350453203139,0.8478343316086331,0.6411603584910269,0.5149350453203136,0.8478343316086332,0.6411603584910269,0.5149350453203138,0.8478343316086332,14.806260429405759,13.865552500643096,15.62767942756996,14.806260429405759,13.865552500643094,15.627679427569959,14.806260429405759,13.865552500643096,15.62767942756996,15.447420787896785,14.48000621717873,16.182433817719332,0.04150598130876209,0.033372945711660544,0.05488912284644813
Norte,Filhas,MAE_MEDIO,MT,31719,0.30282770557290567,0.19278835254180404,0.3979132199619242,0.30282770557290567,0.19278835254180401,0.3979132199619242,0.30282770557290567,0.19278835254180404,0.3979132199619242,12.528708011654269,11.393883849599765,13.101147499806785,12.528708011654269,11.393883849599765,13.101147499806785,12.528708011654269,11.393883849599765,13.101147499806785,12.831535717227174,11.748241507141053,13.38517668504974,0.02360026985439784,0.015177927568631436,0.03210550042278589
Nordeste,Filhos,MAE_MEDIO,MT,71571,0.5408598234860045,0.43321557732511323,0.6850514958631181,0.5408598234860043,0.4332155773251133,0.6850514958631181,0.5408598234860044,0.43321557732511323,0.6850514958631181,14.821693218595637,13.381242548052397,17.008978840526517,14.821693218595637,13.381242548052397,17.008978840526517,14.821693218595637,13.381242548052397,17.008978840526517,15.362553042081641,13.943240203159306,17.5389617973363,0.03520637631026967,0.02779867982132647,0.045450935627602544
Nordeste,Filhas,MAE_MEDIO,MT,72555,0.6813386253962582,0.522425083948933,0.8176557678429127,0.6813386253962581,0.522425083948933,0.8176557678429127,0.6813386253962581,0.522425083948933,0.8176557678429127,12.80033621012815,10.953545554480042,13.537019596924678,12.80033621012815,10.953545554480042,13.537019596924678,12.80033621012815,10.953545554480042,13.537019596924678,13.481674835524407,11.716557977368419,14.268934406469098,0.05053812925386103,0.03883498288960713,0.06525495921020479
Sudeste,Filhos,MAE_MEDIO,MT,118355,0.3461992144093457,0.23679983520650463,0.44320814678397424,0.3461992144093454,0.2367998352065045,0.4432081467839741,0.34619921440934553,0.23679983520650458,0.44320814678397413,14.975640434358507,13.8051280741246,15.63094636479323,14.975640434358507,13.8051280741246,15.63094636479323,14.975640434358507,13.8051280741246,15.63094636479323,15.321839648767853,14.154058925516228,15.96027991923898,0.022595146689006505,0.01529444543611596,0.029770251513719714
Sudeste,Filhas,MAE_MEDIO,MT,128674,0.27879473987949727,0.17121089299584874,0.4873453228368529,0.2787947398794973,0.1712108929958488,0.487345322836853,0.2787947398794973,0.17121089299584877,0.48734532283685295,12.918108806005145,11.82528135063095,13.950380104997178,12.918108806005147,11.82528135063095,13.950380104997178,12.918108806005147,11.82528135063095,13.950380104997178,13.196903545884645,12.072384506577018,14.321317693996864,0.02112576930718247,0.013700583129868662,0.036924244637556586
Sul,Filhos,MAE_MEDIO,MT,49561,0.4242311870856518,0.26930961127177333,0.6081959777762568,0.4242311870856519,0.2693096112717731,0.6081959777762567,0.42423118708565183,0.2693096112717732,0.6081959777762568,10.697283953730118,9.502114417956886,11.978765502723004,10.697283953730118,9.502114417956886,11.978765502723004,10.697283953730118,9.502114417956886,11.978765502723004,11.12151514081577,9.971234258462207,12.433637528767136,0.038145089200007525,0.025221735963204196,0.058170601776344644
Sul,Filhas,MAE_MEDIO,MT,50887,0.4194331013440607,0.2682199075839497,0.585191702379951,0.4194331013440607,0.2682199075839497,0.5851917023799508,0.4194331013440607,0.2682199075839497,0.5851917023799509,12.325683506364326,10.70485415575978,13.653141649298268,12.325683506364326,10.70485415575978,13.653141649298268,12.325683506364326,10.70485415575978,13.653141649298268,12.745116607708386,11.19834164397529,14.108060011784751,0.0329093184671518,0.02031654966165683,0.04676558605290217
Centro-Oeste,Filhos,MAE_MEDIO,MT,26199,0.5907706167766399,0.36842644137112135,0.7486046815050449,0.59077061677664,0.36842644137112135,0.7486046815050451,0.59077061677664,0.36842644137112135,0.748604681505045,13.0870761719281,11.8863082976443,13.78501241011638,13.0870761719281,11.8863082976443,13.78501241011638,13.0870761719281,11.8863082976443,13.78501241011638,13.67784678870474,12.487270001516439,14.439186079975633,0.043191784928056254,0.026799500497057125,0.05692683170957401
Centro-Oeste,Filhas,MAE_MEDIO,MT,27515,0.5856792175182873,0.4244959594396017,0.7472699867427839,0.5856792175182874,0.42449595943960167,0.7472699867427842,0.5856792175182874,0.42449595943960167,0.747269986742784,10.93068947722212,10.122641081893914,12.032628582427954,10.93068947722212,10.122641081893914,12.032628582427954,10.93068947722212,10.122641081893914,12.032628582427954,11.516368694740407,10.78842461401566,12.542316373461041,0.050856240629545885,0.035226503847234115,0.06660315854784822
Norte,Filhos,MAE_SUPERIOR,LP,40913,1.3539293510931205,1.1242448354990615,1.6517669818152265,1.3539293510931205,1.1242448354990615,1.6517669818152267,1.3539293510931205,1.1242448354990615,1.6517669818152265,4.879069319790585,4.141044606914515,5.612422904730585,4.879069319790585,4.141044606914515,5.612422904730585,4.879069319790585,4.141044606914515,5.612422904730585,6.232998670883705,5.372898770233456,7.187231866600724,0.21721957962509278,0.17115424939224735,0.2548492412992831
Norte,Filhas,MAE_SUPERIOR,LP,41088,1.1210535200222873,0.8888382995828433,1.3643942846940451,1.1210535200222873,0.8888382995828433,1.364394284694045,1.1210535200222873,0.8888382995828433,1.3643942846940451,4.679588936346403,3.678894110007557,5.837227529184936,4.679588936346403,3.678894110007557,5.837227529184936,4.679588936346403,3.678894110007557,5.837227529184936,5.80064245636869,4.883585539596499,6.887366590797903,0.19326368216186998,0.15079902756937968,0.2586602697806319
Nordeste,Filhos,MAE_SUPERIOR,LP,86727,1.2587632212586908,1.110297175881394,1.55966783193196,1.2587632212586908,1.110297175881394,1.5596678319319597,1.2587632212586908,1.110297175881394,1.5596678319319597,6.300080857426138,4.438596566697542,7.385391864360972,6.300080857426138,4.438596566697542,7.385391864360972,6.300080857426138,4.438596566697542,7.385391864360972,7.558844078684829,5.903707496333063,8.576486705014537,0.1665285337487348,0.1325604714025941,0.25684566275285664
Nordeste,Filhas,MAE_SUPERIOR,LP,85731,2.31391854754216,1.8483975366676004,2.6227163515223157,2.31391854754216,1.8483975366676004,2.6227163515223157,2.31391854754216,1.8483975366676004,2.6227163515223157,3.452364170644397,1.930075147101731,4.894203376178587,3.452364170644397,1.930075147101731,4.894203376178587,3.452364170644397,1.930075147101731,4.894203376178587,5.766282718186558,4.207334514794582,7.441211071491952,0.40128426936892647,0.2970788233475522,0.5523331760892564
Sudeste,Filhos,MAE_SUPERIOR,LP,159756,0.7388737436835718,0.31588092702065307,1.0055838038891713,0.7388737436835717,0.31588092702065323,1.0055838038891713,0.7388737436835717,0.3158809270206531,1.0055838038891713,3.7263732338282844,2.5547200479921592,4.539687384589086,3.7263732338282844,2.5547200479921592,4.539687384589086,3.7263732338282844,2.5547200479921592,4.539687384589086,4.465246977511856,2.963487425543316,5.364310843670818,0.16547208864475624,0.07737626354100346,0.21559215438871493
Sudeste,Filhas,MAE_SUPERIOR,LP,164576,0.6434529337291308,0.049098896302043865,0.8987894988742244,0.6434529337291307,0.04909889630204391,0.8987894988742243,0.6434529337291308,0.04909889630204388,0.8987894988742243,3.5531556783784315,2.0788363611418896,4.694469416374308,3.5531556783784315,2.07883636114189,4.694469416374307,3.5531556783784315,2.0788363611418896,4.694469416374307,4.196608612107562,2.605441733648743,5.049529646772754,0.1533268868277866,0.012840805795263394,0.23629845072681396
Sul,Filhos,MAE_SUPERIOR,LP,64795,0.8208726275002682,0.528163870903404,1.069629070884241,0.8208726275002683,0.5281638709034042,1.069629070884241,0.8208726275002682,0.5281638709034041,1.069629070884241,8.543878321285138,6.707611965580008,9.972392923848732,8.543878321285138,6.707611965580008,9.972392923848732,8.543878321285138,6.707611965580008,9.972392923848732,9.364750948785407,7.755201343435961,10.756371057692752,0.0876555748240944,0.055727701581544706,0.1352585654421734
Sul,Filhas,MAE_SUPERIOR,LP,63869,0.895299351186882,0.5206428918842414,1.20288586874897,0.8952993511868818,0.5206428918842415,1.20288586874897,0.8952993511868819,0.5206428918842415,1.20288586874897,9.661823834864594,8.19910252810992,11.06198484571477,9.661823834864594,8.19910252810992,11.06198484571477,9.661823834864594,8.19910252810992,11.06198484571477,10.557123186051475,9.179051889597652,11.731092807538174,0.08480523864396977,0.04675464996263809,0.11365974046163937
Centro-Oeste,Filhos,MAE_SUPERIOR,LP,35515,1.3555365588865576,0.9293387413999802,1.7338397583473886,1.3555365588865576,0.9293387413999802,1.7338397583473886,1.3555365588865576,0.9293387413999802,1.7338397583473886,7.043874959387893,5.626379023802928,8.195114098978001,7.043874959387893,5.6263790238029285,8.195114098978,7.043874959387893,5.626379023802928,8.195114098978001,8.399411518274452,7.001700794784383,9.666432402292205,0.16138470605200622,0.10765334952475403,0.20565578087411404
Centro-Oeste,Filhas,MAE_SUPERIOR,LP,35692,1.7166278384467777,1.3553848911514976,2.312466242607887,1.716627838446778,1.3553848911514979,2.312466242607887,1.7166278384467777,1.3553848911514976,2.312466242607887,6.113618556794807,4.740209177504454,7.478994381304887,6.113618556794807,4.740209177504453,7.4789943813048865,6.113618556794807,4.740209177504454,7.478994381304887,7.830246395241585,6.393482916151286,9.022825355113314,0.2192303730684601,0.16140411525076323,0.3021540275393403
Norte,Filhos,MAE_SUPERIOR,MT,40913,1.8275566167427117,1.5767579837657144,2.167014967652067,1.8275566167427117,1.5767579837657144,2.167014967652067,1.8275566167427117,1.5767579837657144,2.167014967652067,3.4680747817699276,2.4081278619293225,4.541896279978452,3.4680747817699276,2.4081278619293225,4.5418962799784515,3.4680747817699276,2.4081278619293225,4.541896279978452,5.295631398512639,4.235113690156998,6.605837221130765,0.3451064621408525,0.2932841388841412,0.4459773496488558
Norte,Filhas,MAE_SUPERIOR,MT,41088,1.06428661181376,0.7730571519521415,1.2914692682684428,1.06428661181376,0.7730571519521415,1.2914692682684428,1.06428661181376,0.7730571519521415,1.2914692682684428,3.953497287755336,2.981264874571233,5.122945044632584,3.953497287755336,2.981264874571233,5.122945044632584,3.953497287755336,2.981264874571233,5.122945044632584,5.017783899569096,4.1950170539532285,6.036483416589391,0.21210291896092934,0.13584974081003967,0.29571063254564645
Nordeste,Filhos,MAE_SUPERIOR,MT,86727,1.764364743957855,1.4840210296768042,2.1338565610602696,1.764364743957855,1.4840210296768042,2.1338565610602696,1.764364743957855,1.4840210296768042,2.1338565610602696,6.316175103067972,4.268890685772272,7.093727681787837,6.316175103067974,4.268890685772272,7.093727681787837,6.316175103067973,4.268890685772272,7.093727681787837,8.080539847025829,5.918021496355069,8.964898751898675,0.21834738487271457,0.1851748968993438,0.31153407882579437
Nordeste,Filhas,MAE_SUPERIOR,MT,85731,2.4356940585769915,2.143539408441715,2.8456295915612673,2.435694058576992,2.143539408441715,2.8456295915612673,2.435694058576992,2.143539408441715,2.8456295915612673,4.853745172826239,3.896464299410455,6.106004817428016,4.853745172826239,3.896464299410455,6.106004817428016,4.853745172826239,3.896464299410455,6.106004817428016,7.289439231403231,6.207233310420664,8.714200192135525,0.33414011438409597,0.2839617202333679,0.3782141804639362
Sudeste,Filhos,MAE_SUPERIOR,MT,159756,1.4670664575597525,1.1545613090666191,1.6522246570840653,1.4670664575597525,1.1545613090666194,1.6522246570840655,1.4670664575597525,1.1545613090666191,1.6522246570840653,3.8021728150895435,2.2638739155911596,5.928391633919153,3.8021728150895435,2.2638739155911596,5.928391633919153,3.8021728150895435,2.2638739155911596,5.928391633919153,5.269239272649296,3.630557625341317,7.371056969637231,0.2784209221954981,0.19091615753527139,0.3912583170573607
Sudeste,Filhas,MAE_SUPERIOR,MT,164576,1.2356094508960869,0.9951288922682451,1.39772627352664,1.2356094508960875,0.9951288922682453,1.3977262735266398,1.2356094508960873,0.9951288922682452,1.3977262735266398,4.836239405639718,3.831223069378047,6.38994020192112,4.836239405639718,3.831223069378047,6.389940201921119,4.836239405639718,3.831223069378047,6.389940201921119,6.071848856535805,5.015517724361255,7.530884620072848,0.2034980580200154,0.14135672478981634,0.24949805033281175
Sul,Filhos,MAE_SUPERIOR,MT,64795,1.5275686469999523,1.1596016622822292,1.9613883105365795,1.5275686469999523,1.1596016622822292,1.9613883105365795,1.5275686469999523,1.1596016622822292,1.9613883105365795,9.447933499900563,7.699827801833987,10.511952124963157,9.447933499900563,7.699827801833987,10.511952124963157,9.447933499900563,7.699827801833987,10.511952124963157,10.975502146900515,9.316021412386274,12.198295216261412,0.1391798413005949,0.10545747281656456,0.19445875349313468
Sul,Filhas,MAE_SUPERIOR,MT,63869,1.5506310355759099,1.066856721692087,1.8464364561268216,1.5506310355759096,1.0668567216920868,1.8464364561268214,1.5506310355759099,1.0668567216920868,1.8464364561268214,9.348903885622551,7.620153795877177,10.732807874761885,9.348903885622551,7.620153795877177,10.732807874761885,9.348903885622551,7.620153795877177,10.732807874761885,10.89953492119846,9.306724117725754,12.128342980268048,0.14226579820026025,0.09262331844850467,0.19063329985405128
Centro-Oeste,Filhos,MAE_SUPERIOR,MT,35515,1.9416516515929194,1.50070441600492,2.2971903286852733,1.9416516515929194,1.50070441600492,2.2971903286852733,1.9416516515929194,1.50070441600492,2.2971903286852733,6.830404964407195,5.827406098363152,8.329813619875548,6.830404964407195,5.827406098363152,8.329813619875548,6.830404964407195,5.827406098363152,8.329813619875548,8.772056616000114,7.733619111785695,9.916577731856027,0.22134508891009352,0.16018374703169805,0.26701413046187567
Centro-Oeste,Filhas,MAE_SUPERIOR,MT,35692,1.9796192487794402,1.5100546523841532,2.36259055467848,1.9796192487794404,1.5100546523841532,2.36259055467848,1.9796192487794402,1.5100546523841532,2.36259055467848,6.2710056053709895,4.422901097241903,7.481341013078901,6.2710056053709895,4.422901097241903,7.481341013078901,6.2710056053709895,4.422901097241903,7.481341013078901,8.25062485415043,6.104622762846088,9.340839649524677,0.2399356756335375,0.17728079588862733,0.3098195958296698
